"subset_id","avg_nrms_across_esms","avg_closest_L2"
"subset1",0.558996022449433,6.61115892144359
"subset2",0.61212382093656,6.35501371643719
